{"name":"build-javascript","namedChunkGroups":{"app":{"name":"app","assets":[{"name":"webpack-runtime-413e97a49fd6ef57d3b5.js","size":4072},{"name":"framework-0e118549f33203964972.js","size":140794},{"name":"styles.7c53dd26c7d63970bab4.css","size":39549},{"name":"app-01ea1a9fdcb5afaf00de.js","size":214852}],"filteredAssets":0,"assetsSize":399267,"filteredAuxiliaryAssets":3,"auxiliaryAssetsSize":1248328},"component---src-pages-404-tsx":{"name":"component---src-pages-404-tsx","assets":[{"name":"component---src-pages-404-tsx-f40399c90db5fe2c9778.js","size":807}],"filteredAssets":0,"assetsSize":807,"filteredAuxiliaryAssets":1,"auxiliaryAssetsSize":2006},"component---src-pages-build-tsx":{"name":"component---src-pages-build-tsx","assets":[{"name":"318ce576f236b79fd96f75904c13f6e55c3eee57-9d8ca170d91c33a21c42.js","size":1517918},{"name":"component---src-pages-build-tsx-4f8af826958dd25f66df.js","size":66436}],"filteredAssets":0,"assetsSize":1584354,"filteredAuxiliaryAssets":2,"auxiliaryAssetsSize":5360964},"component---src-pages-gallery-index-tsx":{"name":"component---src-pages-gallery-index-tsx","assets":[{"name":"318ce576f236b79fd96f75904c13f6e55c3eee57-9d8ca170d91c33a21c42.js","size":1517918},{"name":"6c05b3ab656a8bfc225a64b3d73a36a92f83c05e-c267b77b16aaae7f3a8b.js","size":33912},{"name":"component---src-pages-gallery-index-tsx-5ff580b1b90969727553.js","size":3686}],"filteredAssets":0,"assetsSize":1555516,"filteredAuxiliaryAssets":3,"auxiliaryAssetsSize":5260548},"component---src-pages-index-tsx":{"name":"component---src-pages-index-tsx","assets":[{"name":"318ce576f236b79fd96f75904c13f6e55c3eee57-9d8ca170d91c33a21c42.js","size":1517918},{"name":"6c05b3ab656a8bfc225a64b3d73a36a92f83c05e-c267b77b16aaae7f3a8b.js","size":33912},{"name":"component---src-pages-index-tsx-bbad5a1674e183080b97.js","size":15657}],"filteredAssets":0,"assetsSize":1567487,"filteredAuxiliaryAssets":3,"auxiliaryAssetsSize":5295470}},"assetsByChunkName":{"app":["webpack-runtime-413e97a49fd6ef57d3b5.js","framework-0e118549f33203964972.js","styles.7c53dd26c7d63970bab4.css","app-01ea1a9fdcb5afaf00de.js"],"component---src-pages-404-tsx":["component---src-pages-404-tsx-f40399c90db5fe2c9778.js"],"component---src-pages-build-tsx":["318ce576f236b79fd96f75904c13f6e55c3eee57-9d8ca170d91c33a21c42.js","component---src-pages-build-tsx-4f8af826958dd25f66df.js"],"component---src-pages-gallery-index-tsx":["318ce576f236b79fd96f75904c13f6e55c3eee57-9d8ca170d91c33a21c42.js","6c05b3ab656a8bfc225a64b3d73a36a92f83c05e-c267b77b16aaae7f3a8b.js","component---src-pages-gallery-index-tsx-5ff580b1b90969727553.js"],"component---src-pages-index-tsx":["318ce576f236b79fd96f75904c13f6e55c3eee57-9d8ca170d91c33a21c42.js","6c05b3ab656a8bfc225a64b3d73a36a92f83c05e-c267b77b16aaae7f3a8b.js","component---src-pages-index-tsx-bbad5a1674e183080b97.js"]},"childAssetsByChunkName":{}}